{"name":"000009","timestamp":0,"index":9,"labels":[{"id":0,"category":"person","box3d":{"dimension":{"width":0.7891891891891876,"length":0.85,"height":1.6500000000000001},"location":{"x":1.6630921274555506,"y":0.7318661109443083,"z":0.680686},"orientation":{"rotationYaw":0.58,"rotationPitch":0,"rotationRoll":0}}},{"id":1,"category":"person","box3d":{"dimension":{"width":0.34,"length":0.5700000000000001,"height":1.468628},"location":{"x":2.6379915680628834,"y":1.5656521579230553,"z":0.59},"orientation":{"rotationYaw":-0.8,"rotationPitch":0,"rotationRoll":0}}},{"id":2,"category":"person","box3d":{"dimension":{"width":0.46,"length":0.7984790874528702,"height":1.83},"location":{"x":-1.5643415015718598,"y":0.3885737685615957,"z":0.7633139827526898},"orientation":{"rotationYaw":3.14,"rotationPitch":0,"rotationRoll":0}}}]}