{"name":"000007","timestamp":0,"index":7,"labels":[{"id":0,"category":"person","box3d":{"dimension":{"width":0.5621621621621622,"length":0.6749049429661169,"height":1.8900000000000001},"location":{"x":-2.809866602773763,"y":2.3790501755226616,"z":0.7500546668136795},"orientation":{"rotationYaw":0.27,"rotationPitch":0,"rotationRoll":0}}},{"id":1,"category":"person","box3d":{"dimension":{"width":0.7351351351351353,"length":0.52,"height":1.6600000000000001},"location":{"x":-0.7968555588909554,"y":2.0223054484813026,"z":0.6556860000000001},"orientation":{"rotationYaw":0,"rotationPitch":0,"rotationRoll":0}}},{"id":2,"category":"person","box3d":{"dimension":{"width":0.52,"length":0.6653992395440584,"height":1.468628},"location":{"x":0.6379775297181409,"y":-0.7946661847581886,"z":0.6397697303384028},"orientation":{"rotationYaw":1.03,"rotationPitch":0,"rotationRoll":0}}},{"id":3,"category":"person","box3d":{"dimension":{"width":0.47567567567567504,"length":0.4182509505705515,"height":1.78},"location":{"x":1.2863127632603386,"y":-0.9957979619343384,"z":0.74},"orientation":{"rotationYaw":2.89,"rotationPitch":0,"rotationRoll":0}}}]}