{"name":"000004","timestamp":0,"index":4,"labels":[{"id":0,"category":"person","box3d":{"dimension":{"width":0.5700000000000001,"length":0.76,"height":1.6},"location":{"x":-2.2977566404713348,"y":-1.772048351086495,"z":0.6786054137836058},"orientation":{"rotationYaw":-2.04,"rotationPitch":0,"rotationRoll":0}}},{"id":1,"category":"person","box3d":{"dimension":{"width":0.88,"length":0.6,"height":1.16},"location":{"x":0.4168661239972001,"y":0.7005281293685918,"z":0.4293793889301619},"orientation":{"rotationYaw":2.24,"rotationPitch":0,"rotationRoll":0}}},{"id":2,"category":"person","box3d":{"dimension":{"width":0.46,"length":0.51,"height":1},"location":{"x":1.2776831161158562,"y":1.4828591623464082,"z":0.33859977098532634},"orientation":{"rotationYaw":0.93,"rotationPitch":0,"rotationRoll":0}}},{"id":3,"category":"person","box3d":{"dimension":{"width":0.8,"length":0.66,"height":1.93},"location":{"x":-0.14775634028474338,"y":1.9449091004005548,"z":0.7881517317366558},"orientation":{"rotationYaw":1.55,"rotationPitch":0,"rotationRoll":0}}}]}