{"name":"000006","timestamp":0,"index":6,"labels":[{"id":0,"category":"person","box3d":{"dimension":{"width":0.6162162162162165,"length":0.5513307984793627,"height":1.29},"location":{"x":-0.1783783783783776,"y":0.8935361216734503,"z":0.5675813357684968},"orientation":{"rotationYaw":0,"rotationPitch":0,"rotationRoll":0}}},{"id":1,"category":"person","box3d":{"dimension":{"width":0.6900000000000001,"length":0.6939163498102328,"height":1.68},"location":{"x":-1.2747296966518131,"y":1.4686727168178073,"z":0.6696890700588409},"orientation":{"rotationYaw":3.14,"rotationPitch":0,"rotationRoll":0}}},{"id":2,"category":"person","box3d":{"dimension":{"width":0.54,"length":0.6900000000000001,"height":1.6},"location":{"x":0.20921306458457767,"y":-1.161542386089184,"z":0.6825328190632115},"orientation":{"rotationYaw":-1.69,"rotationPitch":0,"rotationRoll":0}}},{"id":3,"category":"person","box3d":{"dimension":{"width":0.5700000000000001,"length":0.779467680608754,"height":1.71},"location":{"x":1.4738785066645619,"y":-1.2614550076739723,"z":0.6855032300954803},"orientation":{"rotationYaw":2.24,"rotationPitch":0,"rotationRoll":0}}}]}