{"name":"000001","timestamp":0,"index":1,"labels":[{"id":0,"category":"person","box3d":{"dimension":{"width":0.74,"length":0.49,"height":0.9400000000000001},"location":{"x":0.06537100529113926,"y":-0.6898906684325494,"z":0.36844535577892906},"orientation":{"rotationYaw":0,"rotationPitch":0,"rotationRoll":0}}},{"id":1,"category":"person","box3d":{"dimension":{"width":0.66,"length":0.8200000000000001,"height":1.6600000000000001},"location":{"x":1.2849771523226834,"y":0.7735147267432128,"z":0.685686},"orientation":{"rotationYaw":0,"rotationPitch":0,"rotationRoll":0}}},{"id":2,"category":"person","box3d":{"dimension":{"width":0.66,"length":0.49,"height":1.75},"location":{"x":-0.7708595715411672,"y":1.0407540455337345,"z":0.700686},"orientation":{"rotationYaw":-2.97,"rotationPitch":0,"rotationRoll":0}}},{"id":3,"category":"person","box3d":{"dimension":{"width":0.58,"length":0.76,"height":1.52},"location":{"x":-0.8659583950623146,"y":0.3320579118250391,"z":0.585686},"orientation":{"rotationYaw":0,"rotationPitch":0,"rotationRoll":0}}}]}