{"name":"000005","timestamp":0,"index":5,"labels":[{"id":0,"category":"person","box3d":{"dimension":{"width":0.79,"length":0.76,"height":1.83},"location":{"x":2.1319368999831494,"y":2.483160689070579,"z":0.749863011554654},"orientation":{"rotationYaw":2.72,"rotationPitch":0,"rotationRoll":0}}},{"id":1,"category":"person","box3d":{"dimension":{"width":1.57,"length":0.6,"height":1.95},"location":{"x":1.8181626041611392,"y":0.2243006110972139,"z":0.8069249983387252},"orientation":{"rotationYaw":1.24,"rotationPitch":0,"rotationRoll":0}}},{"id":2,"category":"person","box3d":{"dimension":{"width":0.42,"length":0.72,"height":1.17},"location":{"x":0.35665002950596925,"y":-0.6527256553650803,"z":0.4998077369885162},"orientation":{"rotationYaw":-1.45,"rotationPitch":0,"rotationRoll":0}}},{"id":3,"category":"person","box3d":{"dimension":{"width":0.58,"length":0.66,"height":1.6300000000000001},"location":{"x":0.11656095179511661,"y":-1.617034541430661,"z":0.645261019349564},"orientation":{"rotationYaw":1.86,"rotationPitch":0,"rotationRoll":0}}}]}