{"name":"000002","timestamp":0,"index":2,"labels":[{"id":0,"category":"person","box3d":{"dimension":{"width":0.5700000000000001,"length":0.76,"height":1.47},"location":{"x":-0.08513292503289827,"y":-1.1172147447410308,"z":0.6},"orientation":{"rotationYaw":-1.55,"rotationPitch":0,"rotationRoll":0}}},{"id":1,"category":"person","box3d":{"dimension":{"width":0.7000000000000001,"length":0.77,"height":1.74},"location":{"x":1.7547322449559375,"y":-0.031004445148539915,"z":0.7256859999999999},"orientation":{"rotationYaw":3.14,"rotationPitch":0,"rotationRoll":0}}},{"id":2,"category":"person","box3d":{"dimension":{"width":0.6,"length":0.72,"height":1.6600000000000001},"location":{"x":1.2017167410713352,"y":-1.818873770972773,"z":0.6556860000000001},"orientation":{"rotationYaw":3.14,"rotationPitch":0,"rotationRoll":0}}},{"id":3,"category":"person","box3d":{"dimension":{"width":0.58,"length":0.8,"height":1.6500000000000001},"location":{"x":-2.624226438461079,"y":-0.8963254270336957,"z":0.6506860000000001},"orientation":{"rotationYaw":-2.56,"rotationPitch":0,"rotationRoll":0}}}]}