{"name":"000003","timestamp":0,"index":3,"labels":[{"id":0,"category":"person","box3d":{"dimension":{"width":0.5700000000000001,"length":0.66,"height":1.83},"location":{"x":0.2819843081371661,"y":-2.034215140066449,"z":0.7363466581221458},"orientation":{"rotationYaw":0.89,"rotationPitch":0,"rotationRoll":0}}},{"id":1,"category":"person","box3d":{"dimension":{"width":0.88,"length":0.76,"height":1.81},"location":{"x":-2.7823840985915327,"y":-0.27951893392697974,"z":0.7129395438111895},"orientation":{"rotationYaw":-2.42,"rotationPitch":0,"rotationRoll":0}}},{"id":2,"category":"person","box3d":{"dimension":{"width":0.6,"length":0.6,"height":1.69},"location":{"x":-3.0645833333333306,"y":-1.8971459934146289,"z":0.6811091585028678},"orientation":{"rotationYaw":0,"rotationPitch":0,"rotationRoll":0}}},{"id":3,"category":"person","box3d":{"dimension":{"width":0.58,"length":0.74,"height":1.81},"location":{"x":2.128449268340922,"y":1.9797696554135615,"z":0.7379000502024863},"orientation":{"rotationYaw":0.79,"rotationPitch":0,"rotationRoll":0}}}]}