{"name":"000008","timestamp":0,"index":8,"labels":[{"id":0,"category":"person","box3d":{"dimension":{"width":0.61,"length":0.73,"height":1.74},"location":{"x":-2.0277800065880927,"y":1.0493058818553713,"z":0.695686},"orientation":{"rotationYaw":0,"rotationPitch":0,"rotationRoll":0}}},{"id":1,"category":"person","box3d":{"dimension":{"width":0.92,"length":0.79,"height":1.84},"location":{"x":-0.9415239114780356,"y":1.2594534067459249,"z":0.7456860000000001},"orientation":{"rotationYaw":-3.14,"rotationPitch":0,"rotationRoll":0}}},{"id":2,"category":"person","box3d":{"dimension":{"width":0.6054054054054059,"length":0.712927756654349,"height":1.78},"location":{"x":2.3675675675675665,"y":1.3830798479094366,"z":0.745686},"orientation":{"rotationYaw":-2.52,"rotationPitch":0,"rotationRoll":0}}},{"id":3,"category":"person","box3d":{"dimension":{"width":0.54,"length":0.72,"height":1.74},"location":{"x":-1.14893487886072,"y":-1.4251278915868353,"z":0.7041249663047141},"orientation":{"rotationYaw":1.27,"rotationPitch":0,"rotationRoll":0}}}]}